epoch,accuracy,loss
0,0.2560951,0.7214773554226448
1,0.25782618,0.10309718292334984
