epoch,accuracy,loss
0,0.26460844,0.6146277980557804
