epoch,accuracy,loss
0,0.25730002,0.6933096518804287
