epoch,accuracy,loss
0,0.22681084,0.627959288399795
