epoch,accuracy,loss
0,0.2608569,0.7398465635447666
1,0.25311068,0.11472279103151684
