epoch,accuracy,loss
0,0.25990033,0.633136924741597
