epoch,accuracy,loss
0,0.2413572,0.6557866278393515
